{"cameraMode":{"drawMode":0,"name":"Shaded","section":"Shading Mode"},"sceneLighting":false,"audioPlay":false,"sceneViewState":{"showFog":false,"showMaterialUpdate":false,"showSkybox":false,"showFlares":false,"showImageEffects":false,"showParticleSystems":false},"in2DMode":false,"pivot":{"x":7.722506046295166,"y":1.2224376201629639,"z":23.46721649169922},"rotation":{"x":-0.053120069205760959,"y":0.30562636256217959,"z":-0.01707964576780796,"w":-0.9505152106285095},"size":0.9568447470664978,"orthographic":false}