{"cameraMode":{"drawMode":0,"name":"Shaded","section":"Shading Mode"},"sceneLighting":false,"audioPlay":false,"sceneViewState":{"showFog":false,"showMaterialUpdate":false,"showSkybox":false,"showFlares":false,"showImageEffects":false,"showParticleSystems":false},"in2DMode":false,"pivot":{"x":4.735512733459473,"y":0.9240727424621582,"z":0.2189420610666275},"rotation":{"x":-0.4216671586036682,"y":0.011421767063438893,"z":-0.005311479791998863,"w":-0.906663179397583},"size":2.4073069095611574,"orthographic":false}