{"cameraMode":{"drawMode":0,"name":"Shaded","section":"Shading Mode"},"sceneLighting":false,"audioPlay":false,"sceneViewState":{"showFog":false,"showMaterialUpdate":false,"showSkybox":false,"showFlares":false,"showImageEffects":false,"showParticleSystems":false},"in2DMode":false,"pivot":{"x":6.55329704284668,"y":0.9926417469978333,"z":0.08021390438079834},"rotation":{"x":-0.12426010519266129,"y":0.4085526168346405,"z":-0.05625201389193535,"w":-0.9024854302406311},"size":2.281925678253174,"orthographic":false}