{"cameraMode":{"drawMode":0,"name":"Shaded","section":"Shading Mode"},"sceneLighting":false,"audioPlay":false,"sceneViewState":{"showFog":false,"showMaterialUpdate":false,"showSkybox":false,"showFlares":false,"showImageEffects":false,"showParticleSystems":false},"in2DMode":false,"pivot":{"x":5.592000484466553,"y":0.5,"z":0.22853820025920869},"rotation":{"x":-0.22168533504009248,"y":-0.16379670798778535,"z":0.03780399262905121,"w":-0.9605192542076111},"size":78.28652954101563,"orthographic":false}