{"cameraMode":{"drawMode":0,"name":"Shaded","section":"Shading Mode"},"sceneLighting":false,"audioPlay":false,"sceneViewState":{"showFog":true,"showMaterialUpdate":false,"showSkybox":true,"showFlares":true,"showImageEffects":true,"showParticleSystems":true},"in2DMode":false,"pivot":{"x":0.0,"y":0.052364930510520938,"z":-2.9802322387695315e-8},"rotation":{"x":-0.5902125835418701,"y":0.029525047168135644,"z":-0.02160933054983616,"w":-0.806418240070343},"size":2.189574718475342,"orthographic":false}