{"cameraMode":{"drawMode":0,"name":"Shaded","section":"Shading Mode"},"sceneLighting":false,"audioPlay":false,"sceneViewState":{"showFog":false,"showMaterialUpdate":false,"showSkybox":false,"showFlares":false,"showImageEffects":false,"showParticleSystems":false},"in2DMode":false,"pivot":{"x":-7.515999794006348,"y":-0.18799997866153718,"z":3.296999931335449},"rotation":{"x":-0.43524691462516787,"y":-0.004864591173827648,"z":0.0023522302508354189,"w":-0.9002949595451355},"size":2.8578836917877199,"orthographic":false}