{"cameraMode":{"drawMode":0,"name":"Shaded","section":"Shading Mode"},"sceneLighting":true,"audioPlay":false,"sceneViewState":{"showFog":false,"showMaterialUpdate":false,"showSkybox":false,"showFlares":false,"showImageEffects":false,"showParticleSystems":false},"in2DMode":false,"pivot":{"x":5.9190354347229,"y":1.2150828838348389,"z":7.472233772277832},"rotation":{"x":-0.060212697833776477,"y":-0.050882287323474887,"z":0.003073305357247591,"w":-0.9968831539154053},"size":11.946813583374024,"orthographic":false}