{"cameraMode":{"drawMode":0,"name":"Shaded","section":"Shading Mode"},"sceneLighting":false,"audioPlay":false,"sceneViewState":{"showFog":false,"showMaterialUpdate":false,"showSkybox":false,"showFlares":false,"showImageEffects":false,"showParticleSystems":false},"in2DMode":false,"pivot":{"x":-5.156000137329102,"y":0.0,"z":1.378999948501587},"rotation":{"x":-0.5246628522872925,"y":-0.0007689206977374852,"z":0.0004743006138596684,"w":-0.851309597492218},"size":2.8578836917877199,"orthographic":false}