{"cameraMode":{"drawMode":0,"name":"Shaded","section":"Shading Mode"},"sceneLighting":false,"audioPlay":false,"sceneViewState":{"showFog":false,"showMaterialUpdate":false,"showSkybox":false,"showFlares":false,"showImageEffects":false,"showParticleSystems":false},"in2DMode":false,"pivot":{"x":0.6158654689788818,"y":1.3028209209442139,"z":-0.010318666696548462},"rotation":{"x":-0.40660056471824648,"y":0.01835869625210762,"z":-0.008172019384801388,"w":-0.9133850336074829},"size":8.12315559387207,"orthographic":false}