{"cameraMode":{"drawMode":0,"name":"Shaded","section":"Shading Mode"},"sceneLighting":false,"audioPlay":false,"sceneViewState":{"showFog":false,"showMaterialUpdate":false,"showSkybox":false,"showFlares":false,"showImageEffects":false,"showParticleSystems":false},"in2DMode":false,"pivot":{"x":7.660314083099365,"y":0.541066586971283,"z":0.2094871997833252},"rotation":{"x":-0.4422191083431244,"y":0.06367423385381699,"z":-0.03149302676320076,"w":-0.8940895199775696},"size":1.881793737411499,"orthographic":false}