{"cameraMode":{"drawMode":0,"name":"Shaded","section":"Shading Mode"},"sceneLighting":false,"audioPlay":false,"sceneViewState":{"showFog":false,"showMaterialUpdate":false,"showSkybox":false,"showFlares":false,"showImageEffects":false,"showParticleSystems":false},"in2DMode":false,"pivot":{"x":-7.145999908447266,"y":0.13999998569488526,"z":1.319000005722046},"rotation":{"x":-0.5246628522872925,"y":-0.0007689206977374852,"z":0.0004743006138596684,"w":-0.851309597492218},"size":2.8578836917877199,"orthographic":false}