{"cameraMode":{"drawMode":0,"name":"Shaded","section":"Shading Mode"},"sceneLighting":false,"audioPlay":false,"sceneViewState":{"showFog":false,"showMaterialUpdate":false,"showSkybox":false,"showFlares":false,"showImageEffects":false,"showParticleSystems":false},"in2DMode":false,"pivot":{"x":0.4395607113838196,"y":0.5227474570274353,"z":0.06841087341308594},"rotation":{"x":-0.4310794770717621,"y":-0.02111382596194744,"z":0.010090924799442292,"w":-0.902010440826416},"size":8.192628860473633,"orthographic":false}