{"cameraMode":{"drawMode":0,"name":"Shaded","section":"Shading Mode"},"sceneLighting":false,"audioPlay":false,"sceneViewState":{"showFog":true,"showMaterialUpdate":false,"showSkybox":true,"showFlares":true,"showImageEffects":true,"showParticleSystems":true},"in2DMode":false,"pivot":{"x":0.0,"y":0.049999937415122989,"z":-2.9802322387695315e-8},"rotation":{"x":-0.6796700358390808,"y":-0.0006629505660384893,"z":0.0006141858757473528,"w":-0.7335174679756165},"size":6.388973712921143,"orthographic":false}